ClientID,ClientName,ContactPerson,Email,Phone,Address,CreatedAt
1,Wilson-Fletcher,Meghan Hendrix,gainesemily@example.net,(315)467-3160x29665,"8790 Steele Cape, Port Jeremy, CA 07240",2025-03-18 09:23:29+00
2,Jones and Sons,Kerry Bass,michelleshah@example.org,+1-893-990-5403x14747,"56816 Lam Locks, Robinsonstad, VI 46220",2025-02-04 01:15:55+00
3,Smith-Perkins,Andrew Wong,gregorywebb@example.com,743.550.7487x25157,"62147 Daniels Via Suite 291, Harperstad, NV 60895",2024-09-17 00:56:06+00
4,"Moore, Williams and Arnold",Kathy Flynn,jhall@example.net,(469)873-1839x003,"312 Wilson Crossing, North Josephside, MH 30430",2024-12-07 13:36:23+00
5,Payne-Aguilar,John James II,darrell36@example.org,(785)759-4793,"Unit 0695 Box 7207, DPO AP 07631",2025-02-26 16:12:54+00
6,"Goodman, Martin and Woodard",Donald Golden,courtneychaney@example.org,994-557-6081x865,"287 Danielle Shores Apt. 575, New Matthew, NJ 71987",2024-12-06 23:18:45+00
7,"Jenkins, Ortiz and Duke",Anthony Warner,xrivera@example.org,(608)762-6945,"100 Watson Row, Campbellfurt, AS 85963",2024-09-18 05:57:45+00
8,"Murray, Washington and Hahn",Adam Davis,sdiaz@example.com,+1-957-636-0600,"007 Morris Stream, Port Kristenland, MO 50369",2025-05-23 18:32:25+00
9,Hill PLC,Andre Roman,jeffery28@example.com,(337)239-6799x163,"31292 Mitchell Curve, North David, MT 50105",2024-09-13 00:14:01+00
10,"Olson, Casey and Clark",Christopher Mitchell,kathleendavis@example.com,001-305-685-8006x7563,"48309 Sullivan Unions, Jamesside, FL 34696",2025-05-02 07:17:00+00
11,Davis Ltd,Crystal Hess,rayriley@example.net,754.598.8409x776,"828 Nicholas Squares, Hessmouth, AK 48471",2024-09-13 17:25:58+00
12,Ramos-Richardson,Brittany Kennedy,xstewart@example.net,+1-623-660-1043x69793,"7154 Michael Island, Santiagomouth, OK 33743",2024-06-01 09:47:51+00
13,Clarke Ltd,Jacob Jones,ugarcia@example.org,+1-344-712-3652x67500,"976 Cruz Glen Suite 353, Greenton, CT 80892",2024-06-19 21:29:25+00
14,Griffin Group,Austin Fields,malvarez@example.net,583.248.9934,"PSC 5089, Box 3827, APO AA 27280",2025-03-06 14:40:26+00
15,"Butler, Phillips and Beltran",Deborah George,igreen@example.org,(573)883-9622x064,"781 Joseph Plains Apt. 441, Brownhaven, NY 80337",2024-06-28 20:59:50+00
16,"Stephens, Hebert and Duffy",Alan Robertson,alexandra86@example.org,224.344.4843x96595,"652 Davis Parkways Apt. 083, Andreaburgh, MS 60790",2024-07-28 15:11:59+00
17,Mccoy-Collins,Peter Cardenas,keith88@example.net,(926)692-7441,"08428 Hanson Plains Apt. 946, Rogersmouth, HI 84680",2024-07-24 03:22:30+00
18,"Charles, Smith and Alvarez",Kristen Williams,sarahparsons@example.com,669.320.4886x44116,"928 Johnson Rapids Suite 143, West Jesse, TX 18340",2024-11-04 00:42:46+00
19,Ritter and Sons,Donald Lin,sharpjohn@example.org,(270)264-9137x8614,"2124 Heidi Ridge, South Henrystad, TN 75287",2025-02-10 15:16:27+00
20,"Wolf, Gibbs and Schmidt",Paula Frank,david53@example.net,+1-737-657-0402,"Unit 4247 Box 3583, DPO AP 42189",2024-09-04 17:38:05+00
21,Berry-Huff,George Edwards,qvargas@example.org,562-282-2097x2259,"820 Mueller Loop, Rossmouth, MN 56173",2024-08-25 08:47:13+00
22,"Huerta, Pierce and Rodriguez",Austin Torres,christopher25@example.com,927.406.8410x492,"377 Benjamin Meadows Suite 346, South Neilmouth, UT 56090",2024-07-08 23:47:44+00
23,Moore Inc,Debra Carlson,mbrooks@example.org,+1-687-665-4977,"01193 Scott Unions Apt. 690, Clarkechester, AL 46067",2025-03-22 08:03:23+00
24,Miles and Sons,Allen Miller,parkerlyons@example.org,001-801-389-2989x04242,"Unit 7244 Box 7997, DPO AE 58695",2025-03-07 02:59:53+00
25,"Wallace, Vargas and Price",Steven Casey,millerjordan@example.net,420.859.2981x47113,"17576 Heather Plain Apt. 909, Port Hannah, IL 67993",2024-10-26 16:18:04+00
26,Miller-Jones,Ivan Luna,andrewkrueger@example.net,(922)638-7478x014,"PSC 9737, Box 8217, APO AA 38805",2025-04-21 22:06:24+00
27,Price PLC,Mr. Jeffrey Nichols,svazquez@example.com,+1-589-818-7890x5296,"49896 Samuel Viaduct Suite 499, Curtisborough, VI 67307",2024-07-25 08:53:02+00
28,"Wilson, Hammond and Thompson",Kevin Smith,williammiranda@example.org,5596769274,"06841 Hoffman Mews, North Randy, NH 04625",2024-09-18 14:59:35+00
29,Wright-Ball,Linda Watkins,latoyamiller@example.com,001-748-445-5856,"337 Harris Corners, Dickersonside, WA 99019",2024-08-25 06:56:46+00
30,Mccarty-Smith,Gilbert Chapman,elizabethbrandt@example.net,5002359248,"244 Daniel Dale Apt. 324, New Oscarbury, NJ 75523",2024-10-28 01:51:14+00
31,Williams LLC,Jesse Patterson,ijohnson@example.com,6008351050,"1974 Butler Rest Apt. 859, Alanport, SD 72937",2024-12-13 14:40:16+00
32,Graham-Mcgee,Karla Ferrell,tjames@example.org,211.418.6856x908,"28072 Amanda Summit, Lisafurt, AL 22431",2024-06-27 10:35:24+00
33,Coleman Ltd,Colleen Wolfe,bryantcarol@example.org,5598624739,"9898 Brown Brooks Suite 904, West Crystalview, IN 10404",2024-06-15 14:04:15+00
34,Diaz-Powers,Scott Carpenter,levihernandez@example.com,+1-385-434-2368x020,"32020 John Rapids, Rodriguezfurt, MH 56804",2024-08-29 22:37:15+00
35,"Dixon, Gomez and Fuentes",Stephen Smith,thomasdelacruz@example.net,(401)311-3652x56722,"3005 Neal Turnpike Apt. 654, Donaldfurt, KY 42745",2024-08-09 18:31:06+00
36,"Mathis, Rodriguez and Ross",Natasha Watts,itodd@example.org,001-407-488-0515,"40310 Wong Via Apt. 948, New Jennifer, MP 78422",2024-06-21 02:47:52+00
37,Bradley Group,Matthew Parrish,samanthawilliams@example.net,491-227-5384x8702,"PSC 7727, Box 7736, APO AA 85575",2024-10-21 10:01:06+00
38,Willis-Montgomery,Tina Gutierrez,kari43@example.com,679.476.6273x97809,"PSC 0634, Box 8451, APO AP 20256",2024-11-28 09:04:20+00
39,Stark-Ferguson,Manuel Harris,rcarson@example.org,650-470-0379,"138 Glover Place Suite 785, South Louisstad, SC 16032",2024-07-22 02:15:55+00
40,Henderson-Solis,Christopher Williamson,ssullivan@example.org,419.683.2313,"905 Kevin Inlet, Douglasstad, OR 76466",2024-07-12 21:02:08+00
41,Keller-Jennings,Jasmine Barnett MD,richardtyler@example.org,(828)767-6374x83378,"811 Cynthia Burg, Sancheztown, IL 99258",2025-01-27 18:57:39+00
42,"David, Brown and Allen",Paige Roberts,marquezrobert@example.org,494-345-6343,"372 Peterson Grove, Port Cristian, MN 62690",2024-08-17 12:18:13+00
43,"Rose, Reynolds and Jordan",Joseph Collins,evelynmercer@example.com,2849521787,"21707 Vang Loop, Port Mary, CO 75981",2024-12-06 15:19:35+00
44,"Jimenez, Campbell and West",Christian Rodriguez,robert68@example.org,8434213777,"75823 Ashley Rest Apt. 992, Morganview, VI 57835",2024-06-16 20:42:47+00
45,"Scott, Thomas and Cherry",Angela Nguyen,dhenry@example.net,350-630-5982,"9455 Donna Orchard, Lake Aaronfort, HI 34126",2024-06-12 07:01:36+00
46,"Thomas, Williams and Bowman",Joy Robinson,rodriguezbrittany@example.net,(721)984-9588,"USCGC Scott, FPO AP 90790",2024-07-21 11:17:11+00
47,"Mcdaniel, Jimenez and Nash",Alexa Long,yturner@example.com,2026804542,"253 Snyder Forks, West Christopherfurt, AS 50797",2025-04-01 14:26:40+00
48,Berg-Young,Timothy Flynn,williscourtney@example.net,710-279-8089,"885 Kara Spur Apt. 679, North Sandra, NV 19934",2024-09-28 19:29:37+00
49,Nielsen Inc,James Turner,thomasgail@example.net,+1-814-735-0733x963,"359 Young Squares Apt. 352, West Jessicaland, RI 32477",2024-09-16 02:19:31+00
50,"Riley, Savage and Freeman",Christine Brooks,dwayne41@example.net,7604544710,"73437 Kelly Summit, Nolanport, MT 23685",2025-03-22 01:34:19+00
51,Rogers-Woods,Tyrone Holt,twright@example.org,001-643-427-9171x83296,"600 Maria Summit Suite 930, Autumnchester, WY 48099",2024-07-26 22:27:47+00
52,Cameron-Willis,James Mccall,cainjoseph@example.net,468-803-1761x384,"336 Caleb Gateway, Deborahbury, RI 35919",2024-08-08 03:40:11+00
53,"Richardson, Cervantes and Reese",Joseph Whitaker,smithjean@example.net,001-970-429-0639x828,"763 Dunn Lodge Apt. 111, North Carmen, NV 41508",2024-10-01 20:00:51+00
54,"Johnson, Morrow and Lambert",Betty Smith,tmccoy@example.net,729.944.5910x6982,"312 Thomas Squares Suite 599, North Jamesborough, MD 01416",2025-04-21 05:34:10+00
55,Gibson PLC,Alexis Stuart,gregorycompton@example.org,(234)923-1650,"2628 Thomas Falls, North Christian, MP 24518",2025-03-23 22:59:54+00
56,Morales-Carson,Erik Richard,turnerjamie@example.com,+1-742-959-6083x534,"55226 Sarah Station, Port Brittney, MP 43356",2024-06-28 18:02:27+00
57,"Hooper, Fletcher and Allen",Adam Brown,cynthiastewart@example.net,(465)791-0243x24324,"53617 Blake Gateway, Adamtown, SC 17626",2024-12-22 00:18:01+00
58,"Mcconnell, Butler and Adkins",Richard Norman,christopherlong@example.net,(539)538-5844x630,"816 Vargas Center, New Amandaland, MN 15909",2025-04-19 06:22:19+00
59,Mason Ltd,Don Brown,morrisbruce@example.com,001-341-252-7129x19928,"62907 Kayla Burgs Suite 215, West Tina, MT 60446",2025-05-15 12:59:47+00
60,Smith Ltd,Roy Howard,kball@example.com,001-246-879-7267,"425 Snow Glen Suite 434, New Tinaview, SD 48157",2024-09-16 02:08:27+00
61,"Smith, Martin and Wilson",Andrea Nelson,glendataylor@example.org,(277)811-9860x9829,"957 Michael Rapids Suite 391, Thompsonbury, MT 57502",2024-12-19 20:51:11+00
62,Smith and Sons,Mrs. Donna Adams,darrenbridges@example.org,(922)434-1119,"97424 Andrea Mountains Apt. 759, East Matthew, KY 40769",2024-06-21 09:32:36+00
63,Monroe-Martinez,Bobby Mosley,katie52@example.net,454-597-9561,"112 Powers Port, Smithmouth, MI 51925",2024-11-29 12:41:50+00
64,Mckinney-Hess,Matthew Johnson,hphillips@example.net,564-678-6320x34072,"4663 Heather Square, South Sandra, WA 53314",2024-07-26 22:38:34+00
65,"Kelley, Robinson and Powell",Melinda Goodwin,jamesball@example.org,872.641.5664,"Unit 2784 Box 3110, DPO AA 42328",2024-10-14 05:53:01+00
66,"Mitchell, Edwards and Cooper",Ryan Gentry,robinlee@example.com,001-580-896-2847x941,"77518 Michelle Centers, Joseside, KS 63114",2025-03-01 21:19:14+00
67,"Walters, Whitaker and Bentley",Matthew Paul,wadechristopher@example.net,(703)705-4065x90175,"31854 Browning Stravenue Apt. 012, East Stephaniefort, AK 01645",2025-02-09 08:40:01+00
68,Walters Group,Ronald Mcneil,acollins@example.org,001-982-881-1552x52690,"770 Michelle Bridge, East Cynthia, HI 27971",2024-06-18 02:53:31+00
69,"Cook, Page and Cox",Austin Moore,rachelmiller@example.com,(293)744-0969x9784,"PSC 3671, Box 6163, APO AP 89465",2024-08-24 14:18:33+00
70,Atkinson Ltd,John Miller,hutchinsonbethany@example.com,+1-390-670-2299,"935 Steven Hill Suite 689, Lake Janet, TX 25269",2024-10-08 09:15:30+00
71,Vega Group,Tiffany Hill,sbradley@example.com,2226153084,"57324 Theresa Ridges Suite 289, Ronaldhaven, MA 59627",2024-07-19 11:38:40+00
72,"Chen, Fuller and Robinson",Robert Adams,nmontgomery@example.net,436-471-9758x022,"63839 Price Road, New Jennifer, MP 66633",2025-03-06 10:15:31+00
73,Oconnor-Kemp,Jamie Bryant,dennis36@example.org,209.266.9186x130,"2747 Michael Bypass, Harrisside, CO 81350",2025-04-08 22:05:42+00
74,"Montgomery, Hinton and Wright",Sean Trujillo,erinchen@example.com,(881)468-3486,"15432 Andrew Loop Suite 355, Kayleeview, VI 77183",2024-08-08 20:15:35+00
75,"Bright, Rangel and White",Anne Acevedo,vwoods@example.net,541-216-0335,"089 Bryan Park Suite 821, New Kelsey, NY 53205",2024-09-23 00:05:44+00
76,Phillips-Watts,Jasmine Smith,sharonjohnson@example.org,612.254.3878x43972,"87429 Stewart Ridges, Taylorville, CO 88732",2025-04-04 11:05:47+00
77,"Bowen, Campbell and Young",John Hart,blairmichael@example.com,383-883-6592x51847,"295 Dawn Mount Suite 562, Lake Erica, DE 97535",2025-04-28 07:24:25+00
78,"Oneill, Thomas and Berry",Breanna Edwards,washingtonbrett@example.com,001-221-995-1170x3768,"PSC 0405, Box 8543, APO AP 32727",2024-12-26 03:22:00+00
79,Stevens-Bradley,Victor Boyer,ana41@example.org,269-200-8998x760,"9191 Hayes Inlet Apt. 693, North Josephborough, TN 18241",2024-08-20 04:31:14+00
80,"Wells, Johnson and Strickland",Kevin Peters,wmyers@example.org,806.932.3973,"442 Lucas Centers Suite 574, East Brittanyside, AK 05341",2025-03-31 21:39:41+00
81,Smith-Williams,Briana Wilson,susan20@example.org,(891)922-6722,"6258 James Crescent, Amyland, VT 50607",2024-09-16 06:44:13+00
82,"Fritz, Jackson and Clark",Mario Mullins,welchdavid@example.org,2963536401,"77138 Matthews Pines Suite 175, Sanchezmouth, OR 01331",2025-02-06 13:45:57+00
83,"Jackson, Stevenson and Glover",Justin Oliver,lfischer@example.net,001-322-470-8379x275,"217 Moore Prairie Apt. 586, Elizabethbury, MD 01267",2024-07-01 01:05:41+00
84,Baker Ltd,Kenneth Kramer,odonnellgary@example.com,(740)491-0956x207,"952 Shari Plains Suite 016, South Sarah, ID 41010",2025-04-20 00:22:48+00
85,Gonzalez-Watson,Brenda Smith,rodriguezkelly@example.net,488.774.1565x60331,"PSC 8780, Box 9664, APO AE 64692",2024-08-19 23:28:03+00
86,Lyons PLC,Brenda Humphrey,austinhiggins@example.com,(843)926-1606x73012,"9108 Hughes Glen, Franklinstad, NV 94032",2025-01-03 17:48:06+00
87,Moore and Sons,Kelli Flores,brownmargaret@example.net,8629697330,"570 Andrew Stravenue, East Jamie, MP 41834",2024-07-01 13:16:00+00
88,Goodwin Group,Jennifer Terry,rachel30@example.org,001-537-700-9113x947,"71194 Miller Burgs, New Williamport, NM 53416",2024-06-10 21:00:27+00
89,"Jones, Smith and Odonnell",David Stein,todd86@example.org,+1-969-750-9409x500,"749 Miller Drive Apt. 190, Jamesland, IL 61814",2024-09-07 13:53:21+00
90,"Curtis, Taylor and Rogers",Tina Cruz,kristine39@example.net,001-834-510-5412x85852,"901 Michelle Bridge, Jenniferstad, AL 18901",2024-12-20 09:52:41+00
91,Chambers-Martin,Zachary Pratt,wintersluis@example.com,965.559.4944,"414 Laura Pines, Johnberg, UT 62773",2024-06-07 04:19:39+00
92,Bolton-Baker,Jennifer Miller,qthompson@example.net,741-518-1709,"931 Shelly Ford, Natashaport, WV 82454",2025-04-24 07:43:08+00
93,Davis Ltd,Stacey Moore,melanie45@example.org,967.463.0946x504,"18220 Wendy Ranch Suite 941, North Dana, TX 11175",2024-08-13 16:11:26+00
94,Hubbard Inc,Jenna Gomez,ashley53@example.org,+1-848-467-5098x044,"1031 Jonathan Mall, Lake Jenny, ME 84134",2024-11-23 12:47:32+00
95,Parks Inc,Matthew Parker,benitezkathleen@example.com,492.922.5337x10935,"462 Simpson Village, Elizabethmouth, AL 53454",2024-09-02 18:36:45+00
96,Moore-Ward,Victoria Edwards,alyssa12@example.com,570.628.7626x9106,"16016 Hall Dam, Jamesborough, MO 54310",2025-03-19 08:43:59+00
97,Wood-Jones,Shannon Miles,tina95@example.net,6573575445,"USNV Mcguire, FPO AP 74777",2025-02-19 03:00:47+00
98,Sparks-Bryant,Raymond Crawford,tbest@example.com,(743)787-6355x771,"3917 Price Mountain, Port Gerald, AK 44363",2024-08-19 18:02:35+00
99,Smith-Rodriguez,Laurie Reynolds,anthony75@example.org,(560)298-7015,"417 Cynthia Stravenue Suite 432, Ashleyburgh, CO 80194",2024-08-19 13:11:08+00
100,Stanley-Hancock,Wendy Wilson,julie31@example.org,672.802.2757,"401 Sanders Forest Suite 694, West Michelleport, RI 67095",2024-12-12 04:08:37+00
101,Glass and Sons,Misty Reese,emily76@example.net,(345)930-2992,"4288 Sherman Extensions, Hollybury, WY 47670",2024-12-09 10:15:52+00
102,Garza-Kirby,David Rogers,odonnelllauren@example.org,577.360.3816,"1810 Cooke Neck, Lake Wyattchester, RI 14316",2024-09-24 05:40:35+00
103,Dunn-Smith,Elizabeth Brooks,everettedward@example.com,001-577-544-3556x2430,"16146 Bush Flat Apt. 894, Hillhaven, MN 71970",2024-08-30 08:27:01+00
104,Liu and Sons,Rebekah Adams,jensenmaxwell@example.org,585-342-0385x1106,"Unit 2910 Box 8628, DPO AA 61595",2025-04-02 21:39:37+00
105,Wiggins PLC,Leonard Fields,dylanperez@example.org,(227)431-4480,"3280 Blair Islands Suite 887, Lake Tonya, IL 75426",2025-04-24 18:50:21+00
106,"Mcknight, Benton and Frazier",Michael Morgan,calhounsuzanne@example.net,684-905-5990x1373,"0483 Watkins Terrace Apt. 561, Baileytown, NY 09562",2024-08-26 01:51:44+00
107,Raymond-Watson,Jonathan Hernandez,zcarr@example.net,347.510.4069x83738,"18621 Rivera Curve Apt. 329, West Iantown, MH 14572",2025-04-21 11:12:39+00
108,"Fox, Murphy and Day",Teresa Giles,rachel54@example.org,(346)474-4077,"206 Lara Mill Suite 307, Fieldsview, NV 58982",2025-04-13 23:35:27+00
109,Rios and Sons,Kayla Sherman,haley54@example.org,898.626.9177,"14375 Moore Square Apt. 180, South Xavier, NC 15816",2024-07-01 02:41:40+00
110,"Rodriguez, Dawson and Sandoval",Mary Malone,jacob19@example.net,497.247.6572x952,"5267 Rice Spurs Apt. 696, Hickston, FL 62031",2024-11-12 17:15:59+00
111,Perkins LLC,Mary Waters,stevenmaldonado@example.net,001-596-352-7578x0175,"356 Smith Light Suite 450, South Matthew, AR 79812",2024-07-12 14:27:36+00
112,Ayala-Smith,Gabriella Delgado,smithjohn@example.com,(369)628-4672,"95219 Travis Viaduct, South Brad, VI 86538",2025-05-17 05:44:46+00
113,Holmes and Sons,Frank Bryant,whiterebecca@example.org,9529757961,"62594 Hamilton Circles Apt. 523, Johnsonhaven, VT 84341",2024-10-05 10:09:24+00
114,"Pittman, Rhodes and Cantu",Tonya Jones,nicholasdouglas@example.com,+1-497-383-9461x320,"54926 Andrade Locks Suite 267, West Andrewmouth, DE 66075",2024-12-29 20:47:04+00
115,Grant Group,Cynthia Key,ysalazar@example.org,+1-432-395-0166x932,"220 Davis Mission Suite 739, Ramosville, WV 47481",2025-02-06 22:03:16+00
116,"Malone, Sanchez and Morgan",Eric Martin,patriciastephenson@example.net,(538)252-4093x21722,"8660 Franco Cliff, Darrellbury, KS 18671",2025-04-28 02:51:21+00
117,"Hicks, Diaz and Cunningham",Heather Foster,ychavez@example.com,(686)711-0787,"2582 Navarro Land Suite 603, New Cristina, NE 64180",2024-11-19 16:24:51+00
118,Pena-Smith,Derrick Fuller,coopermichael@example.com,001-615-673-6742,"PSC 7083, Box 0915, APO AE 81158",2025-01-14 22:34:58+00
119,"Jackson, Taylor and Miller",Darrell Anderson,vanessa97@example.org,(896)902-3531x53895,"2435 Lee Estate, West Joseph, MS 90125",2024-07-22 05:15:28+00
120,"Barnett, Jenkins and Jackson",Alexander Spencer,lgarrison@example.org,393.707.5837x5347,"6490 Thompson Lights Suite 015, Smithville, NC 18826",2024-09-28 23:04:27+00
121,Bailey and Sons,Glenn Lester,erin40@example.org,(673)403-1467,"17304 Norris Mountains Suite 870, Sandersmouth, MH 36899",2025-04-26 21:39:32+00
122,Simon-Vega,Melissa Gonzales,rroberts@example.org,619-813-2434x9694,"321 Mcmillan Ramp Suite 008, Cassandraview, FM 01320",2024-10-01 10:35:49+00
123,"Stephens, Kent and Gutierrez",Angie Stephens,derek40@example.com,+1-846-604-8540,"84082 Shelley Rue, Port William, IN 92224",2024-09-26 11:41:59+00
124,Gonzalez-Davidson,Grant Johnson,johnfoster@example.org,473.638.9216,"5111 Gregory Circle, Port Ashley, NJ 62831",2024-10-23 10:21:06+00
125,Walker-Jones,Steven Guerrero,sparrish@example.com,561-489-2340x483,"755 Durham Locks Apt. 110, South Jasonfort, PA 42582",2025-04-30 01:59:02+00
126,"Long, Jefferson and Ramirez",Olivia Yang,michaelclark@example.org,(973)534-3533,"059 Holder Trail Suite 763, Dennisfort, OK 81934",2024-07-15 23:48:29+00
127,Miller Group,Christopher Spence,bhammond@example.com,364-539-3477x0591,"4313 Natalie Wells, North Kevinland, NV 13319",2025-04-26 13:53:12+00
128,Crawford-Barrera,Alexander Bush,kstone@example.com,935-256-1036,"PSC 2910, Box 1181, APO AE 81457",2024-07-17 06:37:00+00
129,Harvey Inc,Jeffrey Booth,megan83@example.com,795.856.2341x85215,"USCGC Green, FPO AP 59980",2025-03-12 02:30:00+00
130,"Bennett, Scott and Chavez",Louis Davis,cookdarren@example.net,468-927-6927,"4737 Jill Ridges, East Jamesview, NJ 92710",2025-04-18 04:15:08+00
131,"Jones, Boyle and Miller",Johnny Fernandez,brownanthony@example.net,001-697-269-1882,"187 Betty Overpass, Barnettshire, NE 99336",2024-07-05 15:05:13+00
132,Jones Ltd,Edward Petty,petertanner@example.net,(423)989-9600,"003 Michael Overpass, South Maxwellland, NV 08608",2024-07-12 19:24:39+00
133,"Holt, Martin and Miller",Stacy Morris,clarkjessica@example.org,4847235264,"29266 Vincent Roads, Griffinmouth, VA 75196",2024-11-12 21:34:54+00
134,Dunn Ltd,Diana Olsen,melanie70@example.org,706-660-8595x0912,"976 Jillian Way Suite 628, Andersonfort, IN 33386",2024-12-06 18:06:37+00
135,King-Alexander,Melvin Knight,coffeystephanie@example.org,001-894-371-4995x06482,"4758 White Rue, Mccoyfort, LA 09247",2025-01-15 10:15:01+00
136,"Fry, Orr and Parker",John Aguirre,ijackson@example.com,961.726.5605,"249 Davis Mews, North Spencerview, MI 05311",2024-08-06 11:26:26+00
137,"Valencia, Hobbs and Freeman",Andrew Duncan,estradacynthia@example.org,4843024627,"62921 Rachel Mountain, Lake Mitchellberg, ME 86182",2025-03-15 09:29:02+00
138,Davis-Gray,William Gilbert,garrett81@example.com,713-223-9567x400,"PSC 6116, Box 7565, APO AP 94785",2024-09-12 10:40:09+00
139,Hunter LLC,Jason Olson,nicholas26@example.com,+1-657-329-3770x544,"86673 Johnson Branch Suite 002, Lake Lindsay, TN 28646",2025-01-22 13:44:28+00
140,"Stevens, Wilson and Mendez",Alexandra Murphy,youngjennifer@example.org,870.902.9874x81240,"337 Christopher Circles Suite 698, Lake Holly, MT 60583",2024-10-04 07:20:39+00
141,Oliver-Williams,Lawrence Thomas,dennis30@example.net,656.756.9592x339,"991 Amy Forges Suite 631, West Amy, GA 87613",2025-05-22 06:29:24+00
142,Johnson Ltd,Joseph Randall,billyward@example.com,8625167861,"1496 Johnson Way Suite 782, Barrettmouth, PW 37558",2024-06-12 19:43:58+00
143,Wilson-Cooper,Elizabeth Davis,nicole78@example.com,+1-525-658-2387x913,"USCGC Hodges, FPO AA 57769",2024-12-07 02:13:10+00
144,Rios-Howell,Dale Decker,yrogers@example.org,4384977016,"PSC 8610, Box 5074, APO AP 17995",2025-01-02 06:54:38+00
145,Brown-Hart,Richard Woods,eric76@example.net,001-696-629-6908x191,"7607 Caleb Manors Suite 525, West Michellechester, NJ 75901",2024-10-19 17:54:35+00
146,Miller-Cardenas,Victor Anderson,bweaver@example.com,808-967-2300x90268,"545 Courtney Plaza, Elizabethport, VI 46016",2024-10-16 06:49:25+00
147,Young-Hale,Claudia Lambert,david70@example.com,755-725-3102,"08372 Marvin Lodge, Simmonsland, PR 21154",2025-05-13 04:17:29+00
148,"Hill, Fitzgerald and Williams",Lisa Randall,calebwilkins@example.org,001-621-979-3228x74192,"PSC 1615, Box 7072, APO AE 49981",2024-06-15 22:41:15+00
149,"Reyes, Russell and Powell",Ashley Brown,iwyatt@example.net,(963)659-6583,"98392 Matthew Station, Williamsborough, NY 06786",2024-09-12 08:20:19+00
150,Young-Drake,Jennifer Armstrong,anthony54@example.org,614.523.0371,"85672 Ricky Via Apt. 277, Alexandriaton, NC 22977",2024-07-23 07:51:33+00
151,"Williams, Palmer and Brown",Robert Harmon,jonathanlarson@example.org,+1-949-846-2606x9951,"359 Perez Mountain Apt. 631, Silvastad, MS 49589",2024-09-22 05:54:05+00
152,Rhodes Ltd,Jennifer Lawson,danielsalan@example.org,(930)796-3899x1096,"1483 Zachary Drive, Annaland, NJ 14070",2025-04-30 10:44:46+00
153,Livingston-Fitzgerald,Riley Powell,amystewart@example.org,289-541-8372,"067 Miranda Underpass Apt. 281, Kirbymouth, OR 76769",2025-03-31 14:29:56+00
154,Martin-Willis,Vanessa Johnson,edwin92@example.org,+1-870-702-6395x3122,"Unit 8975 Box 3904, DPO AP 84166",2024-12-11 17:30:34+00
155,Orr and Sons,Cody Hodge,tyrone73@example.org,644-612-2389x43574,"41272 Patrick Springs Apt. 993, Kevinberg, NC 98488",2025-01-24 15:52:03+00
156,Waters-Bridges,Christopher Jones,patriciasmith@example.org,(558)220-2101x226,"724 Gilbert Shoal Apt. 604, Marquezville, NM 86839",2024-09-14 14:35:12+00
157,Miller-Collins,Christina Nguyen,pcoleman@example.com,5609723649,"PSC 6835, Box 5954, APO AA 20698",2024-09-29 06:55:35+00
158,Johnson-Hoover,Christine Perry,nataliewilliams@example.net,001-705-298-0369,"51089 Hunt Circle, Charleston, VA 97640",2024-08-15 21:03:37+00
159,"Cannon, Miller and Edwards",Brandon Rodriguez,shelleychapman@example.org,001-850-244-4506x492,"41617 Jackson Stream, North Jenniferton, PR 66349",2025-01-30 08:40:09+00
160,Gonzalez Group,Mark Robinson DVM,nelsonmikayla@example.org,+1-905-969-8069x78142,"1353 Rice Villages, North Thomasview, PR 40421",2024-10-01 10:36:19+00
161,White Group,Lisa Cruz,jodiswanson@example.com,+1-400-659-2686x9140,"356 Smith Estate Apt. 074, North Marktown, GU 78462",2024-07-18 21:57:34+00
162,Hansen Inc,Bradley Salazar,hmiles@example.org,767.631.0111,"84870 Leslie Union Suite 268, South Robert, PW 63311",2025-01-04 04:07:21+00
163,"Gonzalez, Morris and White",Todd Burke,joshuahardin@example.org,001-723-983-7056x4515,"84877 Little Summit, South Justinstad, IA 75577",2025-02-16 21:10:52+00
164,Martinez Inc,Taylor Perry,scottkristi@example.com,001-623-308-3512x0724,"084 Elizabeth Row, Bellport, AL 03423",2024-07-11 19:32:09+00
165,Macias Inc,Patricia Phillips,fredericksmith@example.com,(911)640-1234x631,"677 Michael Well, Bensonshire, ND 48581",2025-02-17 19:22:10+00
166,Schultz-Nelson,Ashley Moore,chapmanvalerie@example.org,001-349-809-0744x46241,"785 Jaime Wall, Tinatown, CA 49116",2025-04-20 15:40:32+00
167,Hayden-Brown,Donald Wolf,crichards@example.com,+1-206-224-2583x3009,"594 Michael Place, West Gabriel, HI 53052",2024-08-27 06:40:53+00
168,Vasquez-Stokes,David Hill,duncanshaun@example.net,001-610-959-2827x8412,"51775 Taylor Crossroad, Lake Sherri, GA 55769",2025-03-31 06:38:32+00
169,Howe PLC,Desiree Flowers,margaret50@example.net,392.672.2160x210,"2179 Ballard Bridge Apt. 512, Port Cameron, PR 57555",2024-08-30 06:03:05+00
170,Rangel LLC,Brian Morrow,willismegan@example.org,(845)472-7020x9450,"51942 Martin Underpass, Simmonsberg, VI 03440",2025-01-22 19:28:38+00
171,Gibbs-Perez,Barbara Webster,garciabrittany@example.org,433.247.1617x254,"467 Ryan Inlet, Scottfurt, DE 44791",2024-11-19 05:04:43+00
172,Rodriguez PLC,April Scott,matthew89@example.org,744-635-1169x14447,"704 Sean Ports, Kevinshire, LA 39340",2024-09-12 09:19:16+00
173,Chavez PLC,Todd Bailey,susan57@example.com,(275)971-5350,"3458 Black Knolls Apt. 904, Michaelstad, PW 89560",2024-07-20 18:58:55+00
174,Williams-Jones,Margaret Scott,cpeterson@example.org,+1-278-405-0937x866,"20067 Davis Stream, Brucefort, MN 71716",2024-09-05 00:55:42+00
175,Lopez-Green,Makayla Jordan,fescobar@example.net,359-768-0619x6465,"1012 Miller Ville Apt. 971, North Amber, HI 07993",2024-06-05 06:29:51+00
176,Richardson-Walker,Danielle Wilson,kimrodriguez@example.net,780.430.6805x48982,"5433 Joshua Way Apt. 566, Hendersontown, MD 98425",2024-08-13 15:47:41+00
177,Peters Group,Miss Amanda Carroll,mary02@example.net,(396)313-4290,"21588 Ellen Hollow, Scottborough, PW 53642",2024-07-14 02:53:43+00
178,Wilson-Mason,James Page,sphillips@example.com,(790)219-4512x7138,"59336 Billy Mission Suite 041, North Ericberg, NM 67118",2024-06-17 23:09:41+00
179,Murphy-Beasley,Tracy Jackson,xhutchinson@example.net,(356)654-9810x710,"5225 Kimberly Junctions, New Zacharyton, AL 37338",2025-03-30 05:08:06+00
180,Zimmerman-Clayton,John Gates,rayjennifer@example.com,709.836.9933,"1552 Williamson Landing, Cruzfurt, VI 25401",2024-07-24 03:37:14+00
181,Parsons-Rowland,Patricia Hughes,sherry24@example.net,492.352.3440,"584 Rodriguez Gardens Suite 369, Beckerstad, WA 45932",2025-03-06 15:09:44+00
182,Hawkins LLC,Stefanie Carter,hollywatkins@example.org,+1-651-218-7333,"439 Brown Lock, Camposton, ND 23435",2024-11-19 06:56:42+00
183,Bell Inc,Amy Armstrong,reedvirginia@example.org,978.712.8987,"64909 Kristina Unions Apt. 226, Holtville, NY 54018",2024-09-11 21:36:25+00
184,Parker-King,Catherine Shepard,qpeterson@example.com,723-522-9523,"14493 Medina Motorway Suite 067, West Thomasside, ID 29575",2024-09-09 12:11:33+00
185,Pope-Clark,Paige Lopez,lejennifer@example.org,001-707-509-2725x13832,"8784 Fry Corners Apt. 631, Leeview, MA 46343",2025-03-29 04:49:15+00
186,"Thomas, Norris and Benjamin",Colleen Parsons,howens@example.org,(866)777-9306,"37635 Ryan Spring, Turnerburgh, AK 51135",2024-10-30 14:58:19+00
187,"Walker, Lee and Vasquez",Danielle Thomas,mariodavis@example.net,293.967.4864x044,"1817 Rodney Port Suite 617, Josephberg, TN 88262",2024-12-04 04:32:20+00
188,"Douglas, Lucas and Bradley",Miranda Cox,sperez@example.net,9308943423,"USCGC Kramer, FPO AA 89669",2025-03-19 14:33:38+00
189,"Tate, Wilson and King",Thomas Morgan,bryanttasha@example.com,917.748.3128x319,"954 Alexander Trace, Hesterland, ID 93146",2025-03-21 18:00:23+00
190,"Williams, James and Valdez",Tricia Richardson,phunter@example.net,750.371.7823,"0417 Joseph Gardens, Snydershire, AZ 51527",2024-11-16 11:22:18+00
191,Monroe Group,Jessica Fernandez,tammysmith@example.net,(456)384-7255x32269,"291 Powers Square Suite 699, North Jamie, PA 46769",2025-03-06 12:51:48+00
192,Jennings and Sons,William Guerrero,barbara35@example.net,(550)791-1447x5799,"322 Troy Flat Apt. 108, Lake Eddiehaven, NH 76501",2025-02-07 18:42:17+00
193,"Gonzales, Smith and Wood",Ricky Foster,tracycastro@example.net,430-852-7793,"Unit 7650 Box 8124, DPO AP 15860",2024-07-14 12:43:11+00
194,Joseph-Patterson,Brenda Dixon,joanna31@example.org,001-301-422-0388x45971,"1147 Gina Junctions Apt. 026, North Ericaburgh, UT 27044",2025-01-13 11:18:20+00
195,Murphy-Leonard,Lori Brown,nbrooks@example.net,+1-224-814-1839x001,"25222 Gabriel Viaduct Suite 203, Port Brandon, AR 53336",2024-10-11 09:58:01+00
196,"Mack, Freeman and Scott",Brian Wallace,youngvirginia@example.org,514.500.9544,"PSC 6315, Box 5279, APO AP 84199",2025-03-28 16:45:15+00
197,Mathis Group,Marvin Mills,elizabetharnold@example.com,001-372-720-8485x466,"0135 Mandy Stravenue, Jefferyhaven, RI 94432",2024-11-11 02:09:42+00
198,"Henderson, Simmons and Smith",Bradley Martin,bowmanmargaret@example.org,954-943-1696,"1356 Clarence Rest, New Robertborough, MP 49459",2025-05-10 05:43:02+00
199,"Simmons, Moreno and Henry",Leslie Doyle,joshua73@example.org,(656)480-3768x9022,"PSC 7233, Box 1894, APO AA 91542",2025-01-02 11:18:17+00
200,"Taylor, Curry and Horton",Amanda Morris,larryalexander@example.net,588.489.8068,"85729 Schroeder Ford, South Ginatown, AS 12720",2025-03-18 12:19:20+00
201,"Burke, Delacruz and Duncan",Samantha Hanson,david73@example.com,437-597-7367,"44689 Sullivan Trail, Reynoldsland, ND 84008",2024-10-25 03:03:17+00
202,Henderson Inc,Michael Chandler,williskimberly@example.com,001-790-534-2929x48403,"2675 Carolyn Tunnel, New Michellefurt, HI 07355",2025-03-19 19:08:52+00
203,Alvarado-Wilkerson,Renee Blevins,alyssalee@example.com,721-635-8466x53740,"3913 Laura Trace Suite 359, New Melissa, KS 15499",2024-11-21 15:27:07+00
204,Ramos and Sons,Lauren Lang,hendrixjoanna@example.net,(298)898-4040x981,"79637 Glenn Gateway Apt. 625, Lindaborough, WA 97852",2024-12-06 20:25:24+00
205,Carlson-Williams,Lynn Martinez,johnrobertson@example.net,+1-965-825-4273x45353,"3993 Smith River Suite 409, East Scottside, PW 01584",2024-09-03 14:53:30+00
206,Wood-Hernandez,Aaron Phillips,mcfarlandeduardo@example.net,(323)861-0716x724,"92657 Peggy Street Suite 938, North Natalieborough, NC 89363",2024-12-05 12:54:44+00
207,"Jones, Stuart and Diaz",Daniel Smith,cbaker@example.com,+1-534-318-5728x107,"546 Mendoza Locks Suite 965, North Kennethview, ID 39694",2024-07-13 22:30:09+00
208,"Mcdowell, Jones and Parker",Michaela Tucker,garzajames@example.com,383-428-8947x4360,"40611 Brian Isle Suite 257, East Thomasstad, MA 92845",2025-04-17 06:15:48+00
209,Clark-Dennis,Timothy Mckenzie,bridget36@example.com,+1-256-412-8089x881,"59312 Andrew Point, Brandonbury, PA 02432",2024-08-06 08:20:20+00
210,Oneal LLC,Dr. Tyler Pacheco,daniellelloyd@example.net,(991)268-5405,"25778 Becker Mountains, North Meghanside, WA 72561",2025-01-29 11:19:00+00
211,Holmes-Collins,Kimberly Mcbride,singhstephanie@example.net,001-258-854-6366,"121 Elizabeth Streets, Millerside, DC 37539",2025-01-11 05:09:02+00
212,"Howard, Dominguez and Wells",Jason Hernandez,jonescorey@example.net,(638)696-4858x0832,"20218 Garcia Gateway Suite 585, Crystalfort, GU 10189",2024-05-31 10:51:33+00
213,Barr-Cooper,Laura Crawford,mcmahonapril@example.net,954.566.2859,"6414 Johnson Vista Suite 250, South Sarah, PW 72622",2024-07-03 15:59:55+00
214,"Wilson, Thomas and Graham",Sierra Cox,hernandezalexander@example.com,485-261-2770,"95711 Mclaughlin Flat Suite 782, Danielshire, DE 91867",2024-08-20 13:51:10+00
215,Orozco LLC,Phyllis Hicks DVM,hforbes@example.org,(304)613-1608,"USNS Gilbert, FPO AA 59875",2024-10-10 20:42:09+00
216,Henry-Turner,Allison Clements MD,garywilliams@example.net,(342)445-6878x2902,"4965 Alexandria Pines Apt. 281, East Randallborough, FL 51009",2024-12-04 10:49:41+00
217,Berry-Farley,Alice Kramer,jason68@example.net,001-947-937-4411,"448 Sierra Fort, South Ashley, IL 61705",2025-01-07 06:53:05+00
218,"Ball, Powell and Carter",Katrina Gonzales,ybryant@example.com,(849)577-4233x5727,"353 Cooper Light Apt. 788, Davidshire, WI 75986",2024-07-27 17:49:47+00
219,"Richard, Shah and Gibbs",Lisa Malone,bishopnorman@example.com,001-565-655-3187x86949,"3375 Edwards Route, East Elizabeth, ID 43834",2025-04-01 01:00:29+00
220,"Johnson, Johnston and Taylor",Gregory Payne,staceymoore@example.net,896.436.5295x293,"6828 Hogan Key Suite 126, Newmanton, MO 88203",2025-05-10 01:04:53+00
221,Ruiz-Smith,Jeffrey Sellers,gonzalezvirginia@example.com,001-858-893-2342x933,"580 Deborah Via, Wardton, IA 77583",2024-12-01 22:46:46+00
222,"Gibson, Paul and Walton",Russell Miller,palexander@example.com,908.801.2157,"3178 Mitchell Mission, Lake Kaylastad, ME 28365",2024-08-25 12:31:08+00
223,"Harris, Robinson and George",Eric Weiss,herrerabrooke@example.org,331.714.4980x61108,"6715 Gabrielle Plaza, Williamsland, MN 68338",2025-03-03 19:51:29+00
224,Pearson-Norris,Shane Orozco,hjohnson@example.org,(406)207-9319x4178,"76219 Joel Flats Suite 777, South Anthony, MA 19992",2024-07-25 04:53:37+00
225,Mendez-George,Susan Murray,ricardomarquez@example.net,9348613323,"USNV Alvarez, FPO AA 53126",2024-12-27 18:56:34+00
226,Flores Group,John Dixon,bstone@example.com,700.875.9297x4065,"07868 Clark Trail Apt. 985, Robertstad, TN 26646",2025-01-10 04:01:36+00
227,Koch-Hughes,Isaac Ball,keithcollins@example.org,555-730-5454x686,"2278 Tammy Skyway, South Ian, DC 30085",2024-12-01 01:30:58+00
228,Smith Inc,Keith Ochoa,knappdaniel@example.org,(575)971-7794,"740 Smith Branch, Sawyerport, NH 66550",2024-08-03 15:52:46+00
229,Banks LLC,Michael Walls,jerryparsons@example.net,(855)567-8886x377,"4775 Laura Pike, Alexton, ND 83616",2025-01-23 06:02:26+00
230,Marks and Sons,Jason Durham,plopez@example.net,001-293-487-4823x1975,"692 Dana Dale Apt. 605, Lake Allisonberg, HI 42628",2024-12-01 13:50:15+00
231,"Marks, Phillips and Morris",Theresa Brandt,susankennedy@example.org,+1-648-771-8985x02618,"4544 Parker Route Suite 339, West Stevenberg, FM 91479",2024-10-29 11:00:44+00
232,Jones Inc,Michael Vang,wmiller@example.net,001-215-648-2492,"555 Peterson Summit, New Joshua, MO 92663",2025-04-10 13:24:12+00
233,"Brock, Atkinson and Cooley",Charles Dean,don17@example.org,728.625.7027x230,"526 Heather Branch Suite 806, New Aprilton, VT 70550",2024-09-07 05:31:31+00
234,Crane-Singleton,Richard Fuentes,alvinmorales@example.org,415-821-2743,"464 Jeffrey Islands Apt. 820, Lake Julieburgh, VA 11939",2024-06-19 10:43:33+00
235,Watts PLC,Lisa Olsen,kingrebekah@example.org,538-688-9625x08573,"042 Oconnor Row Apt. 187, Christinamouth, KS 46691",2025-05-24 12:28:47+00
236,Potts-Dodson,James Evans,barrettjames@example.net,335.343.0729x789,"327 Lisa Loaf, South James, NV 45156",2025-04-25 17:24:12+00
237,Joseph PLC,Megan Barnes,richardtyler@example.net,604-524-0880x58265,"306 Curtis Spur Apt. 557, Andersonport, CA 86143",2025-05-21 02:02:14+00
238,"Jones, Smith and Bates",Chelsea Petty,mberg@example.org,(255)369-3178,"186 Fields Grove, Chapmanland, NH 10966",2024-11-18 03:49:44+00
239,Dorsey-Munoz,Julie Smith,sullivankelly@example.net,908-207-8472,"USNS Dunn, FPO AE 08206",2024-07-11 10:13:30+00
240,Sims-Brooks,William Dixon PhD,kingchristopher@example.net,265.500.9942x648,"PSC 4034, Box 7538, APO AE 92100",2025-03-09 10:25:31+00
241,Brown-Turner,Theodore Taylor,amanda32@example.net,001-366-470-8973x6774,"USNV Boyer, FPO AE 18024",2025-02-01 17:07:09+00
242,"Brown, Wright and Carter",Gregory Schmidt,larsenjennifer@example.org,+1-435-236-1549x597,"6389 Tiffany Springs, Christinafurt, MD 23660",2025-04-15 07:20:48+00
243,Bush-Bond,Herbert Mcgee,mackenzie78@example.net,001-358-764-0804x39550,"5976 Jocelyn Brooks Apt. 907, East Anthony, PR 62018",2024-10-24 07:07:24+00
244,Barber-Turner,Katherine Murphy,fserrano@example.com,+1-458-209-0913x393,"422 Kayla Bridge Apt. 038, South Tracybury, GU 57195",2024-10-03 03:30:24+00
245,Mccall PLC,Andrea Fuller,davislisa@example.com,001-618-397-7271x60533,"91866 Ayala Neck Suite 939, Delacruzberg, LA 38523",2024-07-02 13:37:58+00
246,Villanueva PLC,William Miller,dennispaige@example.net,(625)657-8797x076,"378 Morales Crossing, Lewisville, DC 11052",2024-09-06 10:52:12+00
247,"Clark, Hawkins and Ramirez",Joshua Ayala,kimberlyyork@example.org,855.889.0998x863,"138 Susan Squares, North Tracy, AK 32162",2024-07-02 00:42:05+00
248,Massey Group,Charles Carter,millsryan@example.net,+1-343-950-4809x164,"3915 Julia Freeway Apt. 861, Port Adamport, OH 79905",2024-11-14 15:56:46+00
249,"Taylor, Wright and Murphy",Robert Phillips,thomasjames@example.net,001-246-394-7364,"12234 Edwards Place Suite 052, Lake Amandaview, SD 45309",2025-01-31 14:09:10+00
250,Thompson PLC,Cheryl Mccarthy,murraychristopher@example.org,889.876.2642x905,"523 Holland Turnpike, West Thomasborough, DE 61236",2025-02-13 11:37:14+00
251,"Ballard, Montgomery and Moss",Brandon Martinez,cbryant@example.com,001-635-706-6374x79114,"1137 Brandon Station Suite 757, Kimberlyshire, IA 51040",2024-08-29 08:05:59+00
252,"Morrison, Obrien and Phillips",Jason Rodriguez,nicholascoleman@example.org,208-303-3171,"PSC 3269, Box 5526, APO AA 82181",2025-01-29 11:36:56+00
253,Farley Group,Anthony Walsh,cynthia62@example.org,(298)613-7121,"39803 Hernandez Square, Sampsontown, AK 86125",2025-04-06 11:36:08+00
254,Mitchell-Burns,Jimmy Marshall,owalker@example.net,426-891-5139,"636 Renee Field, Leechester, TX 98001",2024-11-17 02:39:25+00
255,"Randolph, Navarro and Green",Judy Wilson,victoriaedwards@example.org,8503464990,"8905 Jennifer Villages Suite 278, Lake Gregory, PA 97245",2025-03-15 18:01:18+00
256,Williams-Yates,Erik Forbes,qklein@example.com,(777)376-6222,"203 Jackson Shoals Suite 751, Watsonburgh, MO 27659",2024-06-08 21:44:58+00
257,Cuevas Ltd,Dr. Roberta Russell,johnsoncharles@example.com,681-625-7985x311,"686 Cynthia Mall, North Jaredchester, MA 46678",2024-08-04 09:04:25+00
258,"Phillips, Mays and Carter",Crystal Rojas,muellerdawn@example.net,+1-207-574-5767x78228,"568 Corey Branch Apt. 160, Port Nicole, IA 86837",2024-09-11 19:53:42+00
259,"Fuller, Griffin and Robinson",David Jones,heathercampbell@example.com,001-428-499-1904,"Unit 3827 Box 3254, DPO AP 44345",2025-05-08 21:23:33+00
260,Smith PLC,Amanda Brennan,cherylestrada@example.com,5495867388,"USS Weber, FPO AE 36884",2024-07-20 02:33:13+00
261,Cherry and Sons,David Rivera,nancyanderson@example.com,328.324.3339x5727,"975 Soto Estates, South Ronald, OK 14654",2025-02-03 00:43:47+00
262,"Solomon, Peterson and King",Kevin Mcdaniel MD,stephen96@example.com,001-465-264-6718,"Unit 2565 Box 7822, DPO AA 79940",2024-11-21 19:09:13+00
263,"Wilkinson, Pineda and Vincent",Shelby Stevens,wpena@example.net,6844995722,"PSC 0118, Box 1449, APO AE 89174",2024-10-13 19:14:01+00
264,Miller PLC,John Taylor,caitlynbarnett@example.org,+1-671-574-0213,"0370 James Forks Suite 871, New Steventown, NY 22601",2024-10-28 23:10:46+00
265,"Kidd, Martin and Evans",Bryan Butler,william49@example.org,905.357.3903x542,"38440 Chad Ports Suite 153, Lake Chase, MO 64602",2025-01-06 17:23:22+00
266,Ayala-Cox,Mary Carr,jose63@example.org,6033895245,"031 Joshua Brooks, Patriciafort, IL 76523",2024-08-10 10:26:36+00
267,Cole-Smith,Sara Cox,owenskatie@example.net,(376)752-9285,"672 Woods Wells Suite 195, Byrdchester, MI 39924",2024-12-15 15:29:23+00
268,Shaw-Hicks,Anthony Parsons,brandywilliamson@example.net,721-691-6559x447,"PSC 4151, Box 1510, APO AP 23788",2025-02-26 12:33:41+00
269,"Jacobson, Miller and Mcmahon",Michelle Kelly,donald11@example.org,567-832-1703x680,"70863 Rebecca View, Jamesborough, LA 49532",2025-02-07 04:17:53+00
270,"Taylor, Brown and Fowler",Kelly Perkins,lpage@example.org,496.343.7299x9549,"6151 Powell Club, Hansonstad, SD 22169",2024-09-15 23:11:50+00
271,"Glover, Lawrence and Sawyer",Lucas Miller,kennethfisher@example.org,+1-728-388-4759x7306,"27755 Jennifer Rue Apt. 224, Lake Marychester, PR 66674",2024-06-20 21:52:36+00
272,Chambers-Vance,Barbara Skinner,paulflores@example.org,4347225688,"886 Michael Ports, Robinhaven, MT 15371",2024-06-28 22:32:29+00
273,Brown Group,Mrs. Monica Williams,williamfrederick@example.com,+1-627-272-2729x6057,"630 Kelly Grove, New Taraberg, ME 75473",2024-11-02 14:26:53+00
274,"Chaney, Russell and Johnson",Christopher Knight,shannonhernandez@example.org,(463)531-1428,"3952 Powell Circle Suite 191, Lake Megan, AZ 74293",2024-12-21 08:20:22+00
275,Gardner Ltd,Justin Marshall,swansoncharles@example.org,(860)711-6612x6480,"58742 John Crossing Apt. 395, Williamsberg, MP 93624",2024-10-26 23:14:53+00
276,Peterson-Lowe,Deborah Rodriguez,johnsonkatie@example.com,595.428.2875x2241,"6343 Brown Lakes, Birdport, VI 55255",2025-02-27 01:04:43+00
277,Campbell PLC,Rickey Pearson,alexanderrebecca@example.com,288-716-1685,"141 Kelley Pines Suite 273, Harrisville, AZ 03586",2025-02-08 06:47:32+00
278,Browning Ltd,Jamie Patel,fosborn@example.org,001-541-833-5012x297,"0800 Cruz Estate, Lake Aaronchester, GA 37752",2025-02-18 11:23:16+00
279,Castro PLC,Kathy Howell,coreymartinez@example.net,5977578272,"Unit 9418 Box 5918, DPO AA 22039",2025-02-06 10:15:28+00
280,Roberts-Luna,Brandon Conley,nelsonanna@example.com,368.679.2457,"20965 Hart Orchard, Stephenstad, CA 67550",2024-06-04 00:49:35+00
281,"Wu, Cole and Jones",Jacob Perez,benjaminrodgers@example.org,668.868.6935x071,"13229 Jason Circle Apt. 362, Joneston, NY 61311",2025-03-22 23:08:02+00
282,Morris and Sons,Kayla Young,hunter70@example.org,001-737-724-1340x121,"925 Lowery Fields Suite 553, South Danny, AL 80274",2025-01-27 17:14:02+00
283,Lawrence Inc,Donna Carpenter,bairdjuan@example.com,7788988646,"39227 Yoder Shores Apt. 466, Wagnerburgh, DE 71038",2024-11-24 11:07:36+00
284,Green-Sandoval,Mark Lozano,wandacrane@example.net,+1-436-704-2032x326,"87374 Steven Branch Apt. 536, Martinezport, NV 93017",2024-10-03 10:51:47+00
285,Mclaughlin-Allen,Kelly Sosa,rogersjessica@example.com,(856)509-3199x6401,"4090 Patricia Brooks Suite 597, New Wayne, OR 52394",2024-09-15 15:10:59+00
286,"Miller, Moore and Howard",Carly Mason,velasquezcraig@example.net,358.880.2994x82707,"Unit 7165 Box 7522, DPO AP 01270",2025-05-12 16:49:43+00
287,"White, Daniel and Bates",Beth Foster,amber88@example.com,+1-415-996-9820,"080 Luke Wall Suite 343, Davidchester, WI 21468",2024-07-24 03:07:07+00
288,Hall and Sons,Jesse Brown,john38@example.net,827.495.0214x20768,"9724 Marshall Meadows, East Steven, IN 74825",2024-12-10 08:27:22+00
289,Johnson-Durham,Phillip Duncan,lutzgary@example.com,747.220.7557x1594,"3085 Roberts Canyon, Jimenezmouth, LA 38876",2024-10-09 12:02:04+00
290,Brown and Sons,Sharon Reynolds,tjones@example.com,(848)884-4311x34303,"975 Garcia Shores Apt. 783, Kelliport, AS 32483",2024-09-08 20:13:06+00
291,Glass Inc,Mark Lee,ashley19@example.net,+1-731-391-7550x9949,"18174 Marilyn Lock Apt. 599, Maryberg, WV 46676",2024-05-27 03:21:27+00
292,"Mays, Williams and Crosby",Dawn Johnson,joshuamcmahon@example.net,001-697-402-0254x3889,"07599 Benjamin Viaduct, Port David, MD 93085",2025-03-26 16:59:01+00
293,"Pham, Campos and Hunter",Douglas Brooks,rwu@example.net,477.743.8689x307,"8673 Brittany Inlet Suite 476, Laurabury, PR 54358",2024-10-07 17:34:53+00
294,Ellis-Haas,Ana Hill,teresaparsons@example.org,451.400.5344x033,"7561 Jonathan Harbors, Carlastad, KS 88658",2024-12-27 12:54:35+00
295,Lawson-Harvey,Mary Reynolds,vhansen@example.com,576-487-5696x4415,"737 Jason Plaza Apt. 849, Whiteheadside, MH 29365",2025-04-08 01:15:59+00
296,"Gonzalez, Herrera and Hess",Nathaniel Kelly,richardarthur@example.com,789.360.2954x719,"242 Gregory Court, Mariechester, AZ 55293",2025-03-09 06:36:34+00
297,Medina and Sons,Jesse Carroll,lisa14@example.org,252.668.4968x86375,"USNS Jones, FPO AP 50248",2025-04-05 05:11:49+00
298,"Butler, Hayes and Todd",Thomas Cole,velezmonique@example.com,001-594-711-8125x92824,"8915 Jay Coves Apt. 498, South Russell, AZ 65212",2025-05-04 19:21:03+00
299,Williams-Mason,Tracy Ruiz,juan75@example.org,5506143269,"4917 Davidson View Apt. 163, Sandraland, VT 32096",2025-03-01 01:47:10+00
300,"Johnston, Johnson and Hall",Keith Phillips,huffmanlisa@example.net,(333)428-4201x228,"202 Luke Skyway, Vasquezland, RI 37713",2024-12-31 17:59:11+00
301,"Owen, Cowan and Cruz",James Walker,crystal38@example.net,(836)921-4846,"810 Joseph Road, Lake Kristen, TX 68366",2024-12-23 15:58:31+00
302,"Melton, Peterson and Lutz",Toni Phillips,osmith@example.net,+1-782-708-5562,"33645 Devon Ridge Apt. 140, Lake Brandonhaven, DE 72543",2025-02-06 02:11:04+00
303,Barker-Herrera,Joshua Davis,dcook@example.org,416-405-6957,"1806 Wanda Motorway, Brownport, NH 97701",2024-09-24 14:50:02+00
304,Alvarez-Garcia,Danielle Cole,kaitlynallen@example.org,265.289.1136x00625,"273 Margaret Passage Apt. 846, West Jamieside, MT 78791",2024-12-16 08:35:21+00
305,"Scott, Smith and Hess",Christopher Snyder,melvin90@example.net,001-720-439-6918x17868,"93977 Schmidt Summit, North Vincent, ME 48700",2025-01-03 12:19:33+00
306,Wood-Flores,Michael Mcconnell,chad57@example.net,487.396.4961x105,"38147 Todd Shores, New David, AR 97060",2025-03-24 23:31:42+00
307,"Alvarez, Daniel and Krueger",Tamara Wiley,amanda56@example.org,+1-405-406-1658x8617,"53746 Robles Tunnel, Port Brittany, PW 52829",2024-09-01 03:40:24+00
308,Gutierrez-Russell,Joseph Harris,danielenglish@example.net,578-786-7159x36898,"701 Carter Views, Lake Austin, KS 69636",2025-03-06 11:56:01+00
309,Drake and Sons,Erik Johnson,leejoseph@example.net,575-567-4507,"86172 Lawrence Shores, East Kim, IL 84912",2024-09-06 07:51:29+00
310,Potter-Trevino,Sheila Baker,robinsonalejandro@example.org,(784)513-7424x7392,"438 James Plains Suite 105, South David, AZ 10579",2025-04-28 01:02:24+00
311,Abbott and Sons,David Roberts,melanie30@example.com,+1-238-239-1418x93400,"19619 Mason Mountain Apt. 032, Port Brendafort, OK 95141",2024-06-29 05:59:40+00
312,Bennett and Sons,Cody Anderson,gsalazar@example.com,+1-658-591-2812x30281,"41283 Evans Lock, East Davidfort, MI 56253",2024-10-19 12:42:15+00
313,Stewart-Hall,Stacy Lynch,rosalesnicole@example.org,001-834-337-1614x68643,"562 Shaun Harbors, Lake Johnmouth, AL 07244",2024-12-02 19:09:38+00
314,Moore PLC,Sarah Stone,howarddavid@example.net,596-497-8925,"130 Matthew Center, New Valerie, NC 16916",2024-12-04 21:58:08+00
315,Mccormick and Sons,Linda Beasley,carrcaroline@example.net,570-997-5677,"61608 Morris Common, West Tracytown, VT 62226",2024-11-06 03:33:01+00
316,Mcmillan Ltd,Angelica Li,chad81@example.net,(740)817-7527,"19852 Martinez Mill, New Jenniferview, AK 24496",2024-09-25 18:43:13+00
317,"Roberts, Brown and Edwards",Melissa Cook,bishopdonna@example.org,(520)632-5475,"27953 Davis Stream Suite 933, West Tammy, AK 71473",2024-09-13 23:09:47+00
318,"Rogers, Perez and Cobb",Matthew Santiago,robinthompson@example.com,219-979-6158x0721,"325 Green Vista, Lake Ryanberg, GU 16516",2024-11-18 23:06:52+00
319,"Fuller, Duncan and Fisher",Jessica Walker,xmcdonald@example.net,(797)970-0930x78737,"4502 West Lodge Apt. 225, Markbury, ID 14517",2025-03-23 06:09:08+00
320,"Martin, Sandoval and Martin",David Hart,lindseymckinney@example.com,(486)691-0562x578,"925 Michelle Cliff, Savannahhaven, MP 92121",2024-12-19 11:57:59+00
321,Nichols-Burnett,Brian Davis,dgray@example.com,9978939169,"3383 Rodgers Forest, Wolffort, DC 51151",2025-01-28 03:19:42+00
322,Dalton-Ferguson,Joshua Duncan,anthonydavis@example.net,355-863-1735x6150,"97780 Beth Fort Apt. 689, Brownville, NH 80435",2024-10-01 17:36:44+00
323,White Group,Paul Rojas,hillhector@example.com,001-991-534-5240x1353,"3809 Jose Island, New Jacob, ND 45950",2024-11-06 00:53:35+00
324,Gonzalez Group,Justin Mccarty,juliefuentes@example.net,500-724-6414x06177,"806 Kenneth Rapids Suite 847, Christopherbury, OH 41228",2024-08-16 04:02:22+00
325,Garcia-Wells,Rhonda Vasquez,monica64@example.com,411-701-1727x1688,"PSC 6557, Box 8381, APO AE 39822",2024-08-22 13:18:02+00
326,Waters-Pierce,Brian Hernandez,mason05@example.org,(883)518-1734x23835,"6784 Megan Ways, Jenniferhaven, TX 46763",2025-02-08 15:03:48+00
327,Holt-Malone,Meghan Edwards,bryanscott@example.net,779.502.6101x147,"PSC 5910, Box 4794, APO AP 92127",2024-07-05 11:15:56+00
328,Fowler-Hart,Christina Parker,mariewalker@example.com,595-406-1529x343,"8537 Cruz Islands Suite 426, Jenningsburgh, GA 88967",2025-03-06 20:36:51+00
329,Hendrix PLC,John Stone,mistyfrench@example.org,3587524084,"56312 Wallace Overpass Apt. 461, South Ronald, VA 27780",2024-07-08 03:22:43+00
330,Sanchez PLC,Gary Jones,martinezsteven@example.org,001-551-520-2640x3425,"61079 Robert Village, Murphyville, MO 50883",2024-08-29 12:07:23+00
331,Nichols-Lawson,Amy Peters,rodriguezjulie@example.net,382-851-9494x30363,"13342 Colin Center, Port Antonioburgh, ND 98932",2024-09-13 05:35:01+00
332,Mann-Gillespie,Christopher Hudson,charlesdennis@example.org,4528174202,"591 Holland Pike, South Aprilton, MP 73543",2024-08-09 19:33:44+00
333,Miller Inc,Christopher Davenport,vfoster@example.net,+1-572-416-0559x905,"10965 Irwin Freeway Apt. 735, Mccannburgh, PW 63690",2025-03-05 23:53:06+00
334,Bell-Jarvis,Brittany Davis,wdouglas@example.com,001-259-949-7055,"702 Ho Isle Apt. 810, Christopherfort, OR 80783",2024-07-22 06:00:53+00
335,"Murphy, Maldonado and Payne",Kelsey Lee,qquinn@example.com,276.933.8969,"47858 Matthew Stream Apt. 891, Port Rickyport, HI 38806",2024-12-29 20:50:12+00
336,Frey LLC,Pamela Pittman,ahardin@example.com,6426122367,"33460 Brian Manor Suite 476, Walshchester, IA 82711",2024-11-02 18:04:45+00
337,Golden Inc,William Ortiz,arielwilson@example.org,+1-926-576-8815x15302,"471 Wood Highway Suite 541, Hornebury, PA 81883",2025-04-09 02:31:57+00
338,Castaneda-Bowers,Janice Obrien,danielle55@example.org,(380)543-2252x6646,"93001 James Via Apt. 635, West George, OK 87760",2024-09-29 03:50:41+00
339,"Dixon, Richmond and Thomas",Michelle Barker,vadams@example.net,001-354-677-6407x06850,"189 Frye Port, Tonyshire, MD 66526",2024-12-05 01:04:11+00
340,"Stevens, Davis and Rodriguez",Charles Middleton,torresjason@example.net,+1-967-634-7062x904,"5021 Wilson Wall Suite 613, Brettchester, CA 63241",2025-02-16 02:16:26+00
341,Mcfarland and Sons,Jonathan Gay,jaysandoval@example.org,398.420.3200x6736,"0086 Perez Walks Apt. 987, Lake Markbury, MN 67198",2025-05-20 17:34:53+00
342,"Ramos, Smith and Rodriguez",Olivia Thompson,kreeves@example.com,(830)958-8029x73498,"6554 Morgan Meadow Apt. 950, Emilyhaven, ME 59370",2024-07-01 10:01:10+00
343,Johnson LLC,Ashley Johnson,chapmanscott@example.com,9885647357,"970 Acosta Burg, Whitefort, PW 46687",2024-11-26 10:01:42+00
344,Baker-Williams,Sean Chambers,nnguyen@example.org,+1-701-475-9338,"5028 Sarah Roads, Port Michael, MI 13252",2025-02-14 08:01:12+00
345,Clark-Olson,Shelby Davis,sonyacervantes@example.org,001-430-943-1696,"675 Barnett Parkways Suite 733, Lake Michellechester, KY 39409",2024-07-27 03:19:02+00
346,Bruce Group,Kathy Johnson,morashannon@example.org,+1-837-378-0929x183,"58892 Evans Greens, Crystalton, KS 51065",2025-02-03 09:23:02+00
347,Evans Group,Caroline Reynolds,jennifer84@example.com,+1-331-997-5703x71196,"29765 Timothy Garden, South Vincentfurt, MI 58446",2024-08-30 13:36:04+00
348,"Johnson, Black and Lee",Michael Mills,bowmanrhonda@example.com,336-753-1082,"54449 Katie Turnpike, Port Andre, WY 06169",2025-04-12 13:59:21+00
349,Moss-Watts,Randy Gonzales,frank16@example.com,(375)715-4310x595,"2858 Derek Forks Apt. 326, North Joshua, LA 66732",2025-02-06 12:22:35+00
350,Lee-Mcbride,Amy Brown,xramos@example.net,(937)559-1590x03178,"341 Soto Causeway, South Jacob, IA 18506",2025-03-28 22:52:21+00
351,Melendez Ltd,Ronnie Rios,christy29@example.org,628-663-6769,"1252 Maria Way Suite 839, Thomasport, AZ 55718",2024-12-12 19:10:43+00
352,Phillips PLC,Kristen Nguyen,jason25@example.org,(823)531-6271x938,"998 Daniel Cove Suite 134, Nicholasview, MN 59142",2025-01-25 13:02:57+00
353,Graham and Sons,Susan Buck,eddieduke@example.org,5464656798,"864 Michael Square, West Brittanyshire, ND 34263",2025-05-21 08:49:58+00
354,Reid-Harris,Elizabeth Wilson,williamshoward@example.net,827.456.8206x7234,"7940 Page Greens, East Jeffreymouth, SD 63856",2024-11-13 15:54:48+00
355,"Foster, Thompson and Nolan",Jerry Butler,curtis89@example.com,382-820-3007,"86177 Stacy Extensions Suite 657, Port William, MT 92677",2025-04-05 22:52:40+00
356,"Baker, Taylor and Velasquez",Kelly Davis,daniellejohnson@example.com,+1-642-575-7928x4809,"570 Andrea Place Suite 596, Noahfurt, UT 96398",2025-05-17 12:18:20+00
357,"Fletcher, Miller and Lane",Henry Chapman,eric14@example.net,384.418.5936,"8112 Pittman Causeway, Aprilchester, NJ 23249",2024-12-21 12:29:30+00
358,Jones PLC,Jacob Roy DVM,susansharp@example.net,001-222-255-5154,"Unit 4905 Box 2771, DPO AA 04936",2024-08-22 19:25:47+00
359,Tanner Group,Breanna Munoz,jonesbrooke@example.org,6917989577,"12064 Hendrix Cliffs Apt. 501, West Danielhaven, PA 24572",2024-05-28 00:44:12+00
360,Miller-Martin,Michael Martin,joshua49@example.net,(736)472-1700,"3140 Christina Village Suite 228, Tammytown, RI 98121",2025-05-14 22:51:37+00
361,Malone Inc,Brian Simon,johnjones@example.com,(909)478-3063x9737,"Unit 9624 Box 5713, DPO AA 86678",2024-11-04 12:05:07+00
362,Griffin-Turner,Charles Johnson,patriciajohnson@example.org,(325)626-9548x03771,"622 Christopher Oval Apt. 361, Adrianaburgh, FM 75604",2024-07-06 23:08:27+00
363,Schwartz LLC,Angel Martinez,marisa60@example.org,979-482-5495,"510 Sandra Orchard Apt. 935, New Ethanberg, LA 79496",2024-06-25 14:25:51+00
364,"Norris, Russell and Lamb",Amber Evans,ycook@example.org,+1-903-550-1204,"3048 Hernandez Road Apt. 280, West Pamelabury, WV 57599",2025-01-23 03:42:13+00
365,"Fitzgerald, Sloan and Clark",Jessica Allen,kcruz@example.com,001-288-840-5564x04258,"12077 Dana Mountain, Elizabethfurt, RI 15886",2025-02-14 18:28:06+00
366,Rogers-Hernandez,Tasha Evans,heidi65@example.net,001-386-952-9265,"969 William Oval Apt. 590, East Mark, ME 62115",2025-01-18 17:38:19+00
367,Hobbs-Ramirez,Meghan West,omelendez@example.net,341.715.0711,"7367 Green Ports, New Elizabeth, CT 22082",2024-08-28 23:07:01+00
368,Joseph and Sons,David Mcclain,brian86@example.org,001-734-507-0340x28152,"683 Munoz Circle, West Crystalland, NV 79141",2024-11-14 20:25:20+00
369,Stevens PLC,Amanda Clark,tristangordon@example.com,312-929-8133,"6947 Randall Cliff Suite 193, New Jose, DC 47853",2024-08-03 02:15:06+00
370,Rogers-Andrews,Angelica Sanders,kathryn09@example.com,893-479-1230,"34918 Keller Creek Suite 770, Amberhaven, OK 78695",2025-02-25 00:05:09+00
371,Gates-Thomas,Christopher Smith,martinezkimberly@example.org,(528)829-4679x3080,"PSC 1381, Box 8956, APO AA 09817",2024-12-19 13:59:14+00
372,Wilkinson-Bryant,Marcus Gomez,jtyler@example.org,001-942-351-7655x76046,"19321 Williams Extension, South Davidburgh, IL 53468",2024-12-29 06:46:05+00
373,Bailey PLC,Michael Garcia,smithcurtis@example.org,001-204-898-3251x270,"224 Santana Stream, Jeffreystad, AR 76500",2024-11-24 09:43:46+00
374,Washington-Reyes,Theresa Lam,stonephyllis@example.org,284-862-2351,"PSC 6662, Box 1015, APO AE 13276",2024-12-31 18:44:14+00
375,"Berger, Haas and Simon",Raymond Allen,nfernandez@example.com,654-989-9150,"431 Walters Port, Cartermouth, MA 76387",2025-02-09 15:09:16+00
376,Doyle PLC,Renee Cox,benjaminmedina@example.com,296-475-2671x761,"79161 Whitney Islands, Clarkfurt, MH 59182",2024-09-07 02:42:16+00
377,Mullen Group,Russell Brown,robin80@example.org,(325)208-8347x88855,"Unit 7091 Box 9235, DPO AE 20793",2025-03-14 12:30:15+00
378,Marshall and Sons,Richard Mcclain,melissahudson@example.com,(742)909-2261x121,"30617 Linda Islands, Elizabethmouth, NC 48850",2025-05-24 11:06:31+00
379,Sandoval-Rowe,Andrew Dawson,bryan23@example.net,001-325-687-4790x98793,"67594 Griffin Brooks Suite 324, Port Jennifer, MP 42478",2024-06-09 10:26:26+00
380,Cruz-Wallace,Melissa Wallace,joshuarobinson@example.org,+1-964-223-1845x386,"9327 Fleming Hollow Suite 228, Lake Joseph, RI 95926",2025-04-06 10:00:46+00
381,"Matthews, Newman and Miller",Luis Miranda,whenderson@example.com,810-267-8899x16497,"77932 Mejia Falls Suite 932, Pamelastad, SD 31349",2025-04-24 20:58:28+00
382,"Castillo, Nunez and Harper",Mark Goodwin,arnoldcourtney@example.org,+1-398-244-1526x484,"813 Olsen Crossroad, West David, NM 74486",2025-01-06 05:35:59+00
383,Holt Inc,Rebecca Mccormick,thomaspatterson@example.org,(898)241-3429,"988 George Manor, East Nicholas, SC 83928",2024-09-21 17:22:47+00
384,Mendez-Williams,Scott Ferguson,jessica68@example.net,+1-557-989-3544,"40029 Walker Green Suite 650, Timothyshire, SC 81644",2025-03-29 04:11:49+00
385,"Odonnell, Phillips and Sandoval",Christina Love,amy80@example.org,(278)322-2958,"621 Ian Divide, Port Katiehaven, AS 48376",2024-09-24 23:14:25+00
386,Velez Ltd,Joyce Garza,david81@example.net,+1-951-601-2702x445,"930 Joe Glens, Kathrynview, MA 37654",2025-02-06 15:40:22+00
387,"Douglas, Holland and Scott",Courtney Sosa,thompsonantonio@example.com,001-246-798-2307x749,"02698 Lauren Ville Suite 439, South Erikamouth, MN 41081",2024-09-13 11:38:08+00
388,Stewart Inc,Zachary Wiley,kmarshall@example.org,001-284-779-0949x980,"68271 Booker Drives, Richardsonland, FL 55269",2025-05-23 14:20:25+00
389,Heath-Barron,Sabrina Romero,cassandra82@example.net,398-381-7211x18760,"167 Rangel Prairie, South Michelle, VI 67840",2025-01-23 06:55:40+00
390,"Thompson, Ford and Young",Brandi Sanchez,spearsgary@example.net,356.422.5656x7394,"944 Daniels Shores, Arielchester, MS 11130",2024-09-20 14:55:48+00
391,Sanders-Walker,Bryan Miller,joshuajohnson@example.org,(937)727-1591x0163,"349 James Village Apt. 769, New Cathy, PR 23134",2024-12-24 06:45:29+00
392,Davis-Newton,Jasmine Brown,angela91@example.org,(578)428-4412x755,"Unit 8320 Box 2688, DPO AA 26023",2024-08-18 09:54:54+00
393,Shaffer-Bruce,Samantha Walton,christy82@example.com,675-319-1160,"0488 Fernandez Orchard, New Christophershire, DC 26170",2024-11-04 08:51:48+00
394,Lamb-Riley,Richard Brown,gsmith@example.net,680.699.1242x9815,"572 Scott Plaza Suite 005, Walshborough, ID 44387",2024-12-22 05:38:32+00
395,Norris-Brock,Julie Fuller,zsmith@example.org,+1-455-727-8769x59881,"2010 Gomez Fort Apt. 546, Lake Eileenview, CA 36280",2024-09-09 07:28:05+00
396,"Walker, Thomas and Alvarez",David Benton,christina04@example.com,814.296.6393x47884,"Unit 5036 Box 9949, DPO AA 21038",2024-09-18 06:03:15+00
397,Guzman-Mccall,Cathy Martin,amyellis@example.com,(505)216-1032x61124,"581 Perez Parkways, Robertchester, AZ 99896",2024-07-12 03:49:53+00
398,Hamilton-Mcguire,Stephanie Oliver,michaelandrews@example.org,001-517-538-5140x6303,"26992 Schroeder Rapid, Leeport, DE 27954",2025-04-17 21:29:41+00
399,Christian-Woodward,Jose Jones,stephanie01@example.org,+1-376-758-9979x8773,"PSC 8041, Box 0315, APO AP 81180",2024-07-19 18:40:00+00
400,Romero-Huff,Jose Armstrong,jaredmoore@example.net,(790)831-7169x1584,"PSC 5047, Box 1419, APO AE 52848",2024-07-11 18:40:52+00
401,Bailey-Bradford,Craig Collins,vmunoz@example.net,001-354-563-7332x2548,"95846 Ashley Fords, East Kelly, UT 34441",2024-12-06 14:24:49+00
402,Huynh-Williams,Eric Newton,jacobcardenas@example.com,001-447-954-6364x409,"3193 Stephanie Ways, South Susanchester, NC 56320",2024-06-01 02:13:53+00
403,"Davis, Haynes and Miles",Andrea Rivera,paul45@example.com,3803509159,"335 Watkins Lock Suite 287, Lake Ginaburgh, IL 05081",2025-01-13 21:50:21+00
404,Clarke Ltd,Sabrina Clements,fordjessica@example.com,569.718.6287,"1038 Rivas Hollow Suite 781, Lake Michelleville, MP 21653",2024-08-14 16:29:11+00
405,Dillon Inc,Gerald Miller,schroederjesse@example.com,(677)593-0787x8943,"67196 Christensen Keys, Patriciahaven, PR 59706",2025-05-09 00:02:10+00
406,Hernandez Group,David Ali,willievincent@example.net,+1-245-672-7757,"617 John Freeway, Ramseyview, HI 36628",2025-04-01 09:40:00+00
407,"Franklin, Lee and Patel",Natalie Flowers,charlesmosley@example.net,976-298-8630x98841,"69212 Michelle Shore Suite 319, Fryemouth, LA 79218",2024-11-30 07:22:20+00
408,Murphy PLC,David Adams,nicolewashington@example.com,001-458-550-2856,"85491 Gibson Court, North Kevin, RI 53391",2024-08-25 08:44:25+00
409,"Cox, Diaz and Wilkins",Shelly Love,vbutler@example.net,973.507.0982x48127,"16835 Robertson Isle Apt. 750, West Meganfurt, GU 10913",2025-04-27 04:25:36+00
410,"Miller, Murillo and Kennedy",Rebecca Chapman,kennethhenry@example.org,+1-438-655-5102,"046 Christopher Prairie Suite 996, East Autumn, PR 84448",2024-07-31 22:24:17+00
411,"Carson, Martin and Francis",Beth White,simmonskaren@example.com,001-359-494-1807x336,"99612 Rose Wall, East Kimberlystad, MO 30286",2024-12-11 02:57:08+00
412,Hill-Livingston,Stephanie Deleon,ybarnes@example.org,001-677-843-6864,"04826 Meghan Rapid, South Josephmouth, HI 98421",2025-02-22 23:24:09+00
413,"Perry, Davis and Potter",Dennis Palmer,glenda62@example.com,9925908684,"2910 Stephen Cliff Suite 761, Port Jasonfurt, MO 88211",2025-02-04 23:26:36+00
414,"Mclaughlin, Smith and Grimes",William Coleman,ashley84@example.com,(452)718-6004x24250,"93372 Shannon Avenue Apt. 714, Jeffersonland, WY 86394",2025-01-14 00:26:46+00
415,Cordova and Sons,Joseph Williams,kiddamanda@example.org,001-749-412-9970,"17044 Quinn Loop Suite 489, Stevenstad, SD 40225",2024-10-13 10:56:48+00
416,Smith Inc,Bryce Vazquez,vasquezjulie@example.com,+1-392-585-0211,"11785 Ann Freeway Suite 312, Daniellemouth, AK 69140",2025-04-08 12:32:38+00
417,"Campbell, Cooper and Mcgrath",Stephanie Graves,rsingh@example.org,(309)904-8028x7723,"327 Hernandez Union, New Jesse, AZ 82534",2025-05-20 09:45:21+00
418,Vaughn LLC,Dean Perez,anna21@example.org,824-273-0301x0260,"723 Carolyn Radial, Gwendolynview, NC 95403",2024-08-17 18:15:11+00
419,"Torres, Allen and Moore",Thomas Dillon,brandon06@example.net,942.710.5570x77166,"95360 Jonathan Views, North Graceberg, FM 74987",2024-12-22 17:55:24+00
420,Gill LLC,Vanessa Cox MD,larry27@example.net,001-428-539-1839,"946 Timothy Coves Suite 441, North Anthonyhaven, RI 94483",2025-05-20 04:40:12+00
421,Brown Ltd,Judith Chan,jamietucker@example.org,592.749.3258x912,"USNS Page, FPO AP 07734",2024-06-30 03:41:29+00
422,Perkins LLC,Dominique Scott,kristina03@example.com,301.219.1271x91265,"94379 Darren Valleys, Jenniferberg, ND 97948",2024-07-24 17:03:50+00
423,Moore LLC,Amanda Casey,cruiz@example.com,683.461.3195,"06805 Dixon Curve, Port David, VT 63049",2024-07-11 17:49:09+00
424,"Phillips, Bennett and Henry",Chad Knight,wobrien@example.org,514-687-9328,"75889 Carpenter Lane, Lake Laurenfurt, GA 13534",2025-01-11 18:39:00+00
425,"George, Fisher and Carter",Alan Martin,brownangela@example.org,401.208.0269x5116,"477 Evans Harbor, Garciaburgh, PA 86797",2024-10-20 10:50:41+00
426,Buchanan Ltd,Ernest Sampson,summersbethany@example.net,001-279-204-1784x8393,"262 Guerrero Parkway Apt. 810, South Kimberlybury, CT 56741",2024-12-26 16:09:02+00
427,Smith and Sons,Nicholas Robbins,fshaw@example.com,599.991.2770,"333 Christensen Roads Suite 777, South Dennisburgh, NM 35241",2024-11-20 18:57:49+00
428,Watson-Mitchell,Anthony Jones,sharonrice@example.org,001-651-422-0036x150,"1507 Banks Bypass Suite 767, West Lisatown, SC 70866",2025-02-12 12:12:33+00
429,Roth Ltd,Sandra Smith,maxwellsanders@example.net,304-912-9273x97572,"2891 Price Villages Suite 648, East Lukeborough, UT 25197",2025-02-20 20:33:12+00
430,"Parker, Rich and Grant",Monica Thomas,stevensonmathew@example.com,+1-573-761-0256x3118,"1932 Bray Parkways Suite 488, Port Christine, NY 48495",2024-12-11 10:49:30+00
431,Lucas-Allen,Tyler Hernandez,gregory18@example.org,(621)252-5378x51704,"80233 Eric Rue Apt. 478, Davidshire, OR 95429",2025-03-17 00:14:53+00
432,Howard-Coleman,David Robbins,tdavis@example.com,518.813.6344x412,"54377 Moore Springs, East Stephenville, TX 68222",2024-08-20 15:05:22+00
433,Garcia PLC,Daniel Scott,christopherrandolph@example.com,+1-723-389-0565,"0920 Megan Oval Suite 122, Devinton, AZ 49270",2024-06-08 15:04:26+00
434,Gordon-Rodriguez,Victoria Morrison,jessica90@example.org,+1-631-540-5024x80830,"Unit 7161 Box 7191, DPO AP 36308",2024-11-30 10:48:51+00
435,"Haney, Moore and Mclaughlin",Ethan Ingram,rickyking@example.org,+1-521-385-2189,"8101 Holmes Place Suite 821, Ellisbury, MP 71285",2024-07-07 23:41:19+00
436,Davis Ltd,Marcia Smith,emilywilliams@example.com,6315822457,"55864 Reed Fords, Lake Nathanchester, FM 22459",2024-07-20 11:23:17+00
437,Hendricks-Mcdonald,Greg Mack,peter97@example.com,494.632.4714x609,"2518 Jessica Center Apt. 906, East Shaun, MA 57865",2025-05-13 01:36:07+00
438,"Walker, Johnson and Hampton",Deanna Austin,johnsonwesley@example.net,(837)571-8600,"00291 Hernandez Corner Apt. 927, Lake Bruceborough, AK 94960",2025-01-20 01:38:43+00
439,"Smith, Watson and Jackson",Thomas Garcia,andersenhenry@example.net,616-335-9714x367,"32582 Ryan Freeway, Dawnshire, AS 26701",2024-11-14 23:51:01+00
440,"Sellers, Lang and Beck",Caitlyn Santos,drandall@example.com,+1-288-420-6145x2942,"5877 Cox Forges, Petersville, OK 69700",2025-04-11 20:40:39+00
441,Allen-Bennett,Karen Petersen,diazheather@example.net,+1-875-471-1261x9076,"98055 Karen Pike Suite 538, Port Jamesstad, UT 58603",2025-05-23 08:00:35+00
442,Johnson-Price,Julia Jones,jillwood@example.org,(283)412-3671x80138,"57039 Sara Route, Port Kerry, IL 29905",2025-04-10 23:07:20+00
443,Morrison and Sons,Tammie Landry,kleinangela@example.com,868.283.8151x1226,"12094 Kenneth Ville, Wesleytown, TN 61084",2025-01-13 05:09:43+00
444,"Clarke, Baker and Harris",Jennifer Wood,jaygamble@example.com,+1-258-920-6158x8671,"Unit 3048 Box 5761, DPO AE 54624",2024-10-11 18:09:28+00
445,Brewer Inc,Michael Combs,greeneanthony@example.net,(648)912-9096,"USNS Beck, FPO AP 05039",2024-06-16 10:12:12+00
446,Johnston-Wu,John Rivera,lucerorobert@example.com,+1-726-292-7906x243,"36343 Michael Junctions, Port Craig, NY 79056",2025-03-04 15:28:24+00
447,Baker-Myers,James Lewis,stevenjohnson@example.com,+1-439-669-3110x6749,"549 Rangel Falls, Frankbury, CA 08656",2024-06-20 09:07:07+00
448,Prince Inc,William Duffy,wthompson@example.net,(605)906-3933,"4261 Raven Mountains, New Johntown, OK 86286",2024-08-30 08:49:09+00
449,Garcia LLC,Kimberly Donaldson DVM,zwade@example.com,001-964-847-2386x15239,"74167 Kevin Heights Apt. 614, Tracishire, ND 38121",2025-03-02 07:52:05+00
450,Robbins-Li,Elizabeth Matthews,chadjohnson@example.org,488-457-0526,"036 Anderson Trace Apt. 554, Brianborough, SC 98464",2025-05-15 11:45:23+00
451,Sullivan-Williams,Kimberly Ross,ekennedy@example.org,+1-616-288-7924,"586 Estrada Harbors, New Robert, ND 35792",2025-03-23 21:46:02+00
452,Madden-Turner,Mrs. Erika Lynch,carlosnichols@example.net,(954)296-2382,"5999 Ferguson Inlet Suite 312, Lake Pamela, OK 91976",2024-09-09 12:32:49+00
453,Davis LLC,Nicholas Lee,tbriggs@example.com,938-884-9776,"620 Martin Drive, Josephview, VT 31691",2024-09-21 02:19:02+00
454,Lopez-Stewart,Karen Drake,harringtonmark@example.org,(752)659-6140x3524,"6829 Anderson Shore Suite 933, South Patriciaport, CA 55619",2025-02-11 09:42:16+00
455,Wagner and Sons,Amanda Green,fcarter@example.org,001-657-912-4400x29214,"88595 Webb Shoal Suite 700, West Joseph, MA 99385",2024-10-17 03:35:07+00
456,Graham-Ball,Brandy Crosby,qgonzalez@example.org,001-240-782-9313x5966,"3410 Colin Junctions Apt. 032, Veronicaland, PW 33391",2025-05-05 03:26:37+00
457,"Lowe, Escobar and Bridges",Jennifer Tucker,cheryl11@example.org,(335)590-7329x32548,"42370 Richard Turnpike Apt. 352, Braystad, KY 15492",2024-08-21 20:30:57+00
458,Dunlap-Gray,William Roach,aguirrelaura@example.net,735.465.2555,"PSC 8419, Box 5555, APO AA 93952",2024-12-17 03:02:08+00
459,"Sharp, Colon and Smith",Kevin Davis,christopher60@example.net,412-656-4279x8897,"34640 Roberts Mission Apt. 946, Thorntonmouth, WY 53592",2025-05-09 18:53:11+00
460,Lee PLC,Kristina Ingram,umercer@example.com,+1-821-582-4935x1510,"084 Cindy Track, Brendaburgh, OR 52316",2024-12-20 02:59:15+00
461,Stokes-Sutton,Randy Thomas,marksmith@example.net,642.602.3443,"8293 Campos Place Apt. 126, Bellport, VI 67391",2024-10-30 16:55:51+00
462,Jarvis-Greer,Kimberly Lucas DVM,smithstacy@example.com,637.427.8486x0216,"44366 Ortiz Brooks, Port Robert, KY 34776",2024-11-30 02:40:42+00
463,Downs PLC,Isabella Brewer,zalvarado@example.com,8632549764,"3688 Brown Port Apt. 481, Lindsayville, PW 05397",2024-10-29 18:31:35+00
464,Martin-Marshall,Anthony Wise,stevensonsandra@example.org,+1-651-860-3628x88798,"639 Fuentes Loaf Suite 205, Lake Rachelbury, NJ 92800",2025-03-03 05:14:38+00
465,"Stephens, Peterson and Page",Samuel Morse,rblanchard@example.com,661.547.3881x324,"Unit 6065 Box 4423, DPO AE 79299",2024-12-17 04:13:08+00
466,"Harris, Morse and Hanson",Jonathon Cherry,linda32@example.com,(973)717-1210x055,"7693 Kelly Crescent, East Jennifer, WA 32598",2024-11-18 12:58:19+00
467,Goodwin PLC,Michelle Anderson,doylemichael@example.net,+1-989-797-3200x1226,"846 Smith Ford Apt. 157, Lake Christine, WV 85706",2025-01-11 12:49:56+00
468,Miller Inc,Casey Ho,batestammy@example.org,001-266-727-2919x78561,"95838 Estrada Heights Apt. 104, South Dustinberg, VT 19802",2024-08-24 06:56:37+00
469,Dawson-Stevens,Jessica Allen,john37@example.org,752-394-8668x141,"0806 Gomez Corner Suite 938, East Samantha, ID 71898",2024-09-09 09:36:33+00
470,Thomas Group,Robert Carlson,gatesmary@example.com,001-213-527-9674,"698 Brooke Brooks, Hallmouth, IL 85310",2024-06-24 14:08:07+00
471,"Hinton, Daniels and Kennedy",Katie Torres,hwise@example.com,605.437.6298x9399,"18004 Terry Fork Apt. 865, Port Juanview, DC 38047",2025-01-11 17:46:11+00
472,Sanchez Group,Emily Evans,steven45@example.org,001-867-805-6106x473,"49244 Smith Knoll Suite 425, Lynnhaven, IA 60830",2025-01-03 01:39:41+00
473,"Ray, Krueger and Jones",Nathaniel Smith,phernandez@example.net,001-976-656-0440x206,"3439 Smith Fields Suite 263, Lake Wendy, OK 12278",2024-12-09 01:19:03+00
474,Vincent LLC,Tanya Guzman,johnsonharold@example.net,584-658-2641,"304 Jeanne Mount, North Alison, DE 94446",2025-01-18 13:14:15+00
475,Patton-Franklin,Cindy Cunningham,meghanwalker@example.com,001-274-585-9252x1306,"39101 Johnston Island, West Christopherberg, SC 17834",2024-06-27 01:58:55+00
476,Campbell PLC,Kristi Holloway,carpenterreginald@example.com,207-438-7549x095,"01834 Heather Forges, South Sean, AR 08649",2025-01-20 02:48:19+00
477,"Jacobs, Whitaker and Wilson",Dorothy Garcia,jenniferbrown@example.com,+1-693-886-3238x80881,"3565 Rose Unions Suite 325, Jacksonbury, WI 10066",2025-05-16 22:27:52+00
478,Jacobson Inc,Jessica Andrade,dkelley@example.org,7699617614,"0475 Dickerson Summit, Lake Fernando, PA 30740",2024-09-06 06:52:27+00
479,Wells LLC,Dr. Rick Weber,hbarnes@example.org,616-846-8053x9549,"23870 Little Centers Apt. 428, Allenchester, MO 34171",2024-08-30 03:58:02+00
480,Martin Group,James Good,david45@example.org,+1-528-429-7945x542,"034 Taylor Square Apt. 907, East Brian, AK 83825",2024-10-07 00:10:31+00
481,"Pittman, Dalton and Johnson",Nicole Parker,ndiaz@example.net,320-525-4959x4304,"036 Rachel Crest Suite 947, Palmermouth, FL 94315",2024-10-06 17:07:32+00
482,"Sharp, Mcgrath and Weber",Jim Higgins,lanedeborah@example.net,(676)352-0655,"1100 Nicole Trail Apt. 030, West Davidfort, IN 98176",2024-08-21 04:34:46+00
483,Howard LLC,Jerry Daniels,singletonrachel@example.net,272-522-3660,"712 Robert Rue, West Brendaville, MS 07018",2024-11-28 19:16:20+00
484,"Diaz, Clements and Melendez",Barbara Dodson,eherman@example.net,606.789.5098x8260,"098 Brown Greens, North Danielle, NM 94542",2024-06-14 02:26:36+00
485,Ball Group,David Lewis,uperez@example.com,549.705.6202x7065,"247 Douglas Fort Apt. 072, Port Justin, CO 77177",2024-06-10 19:50:21+00
486,Lewis-Martin,Matthew Evans,garciamichael@example.org,821.648.0874x80799,"46130 Lewis Lights Apt. 873, West Gailland, ND 29443",2024-11-16 12:22:58+00
487,Fitzgerald-Garcia,Mr. Dennis Anderson,hayley79@example.net,252-452-1938,"40256 Sosa Ports Suite 978, Lake Rachel, OH 98154",2024-12-25 05:27:03+00
488,"Tran, Clark and Guzman",Gloria Sanchez,luke47@example.com,+1-725-251-4284x4634,"3131 Dawn Glens, South Aprilside, WV 90542",2024-08-25 10:32:42+00
489,"James, Foster and Copeland",Jeffrey Watson,garciadavid@example.net,(717)762-5677x62124,"553 Matthew Fords, Cathyberg, AR 38938",2025-01-29 19:39:54+00
490,"Mccarthy, Fisher and Harrison",Joseph Harrell,yangryan@example.com,982.929.9200x01571,"2154 Robertson Loaf, Yolandaburgh, ID 82016",2025-03-21 01:03:03+00
491,"Stephenson, Green and Watson",Julia Miller,terrancecannon@example.net,262-429-8422x397,"2837 Randall Parkway Apt. 192, Tiffanytown, PR 78979",2024-09-12 22:07:59+00
492,Henderson PLC,Kenneth Nielsen,john02@example.net,903.476.8161x902,"5837 Williams Pike, South Christina, MO 31671",2024-08-27 12:02:24+00
493,Brown Group,Robert Bryan,jasmine22@example.net,637-437-9431,"USS Ballard, FPO AA 44257",2024-10-16 22:42:36+00
494,Diaz and Sons,Brian Mclean,angelalowery@example.com,277-813-1122x052,"149 Mcconnell Mill Apt. 021, Johnsonland, ND 56322",2024-05-25 16:23:54+00
495,Davis and Sons,Hector Torres,vwade@example.net,(256)983-4148,"2669 Eileen Village Apt. 648, Hopkinsburgh, WV 24519",2024-12-02 14:05:23+00
496,Ayala LLC,Joseph Young,deborahoneill@example.org,9327303567,"143 Stone Island Suite 872, Christopherview, IN 28354",2025-01-26 01:37:21+00
497,Shelton-Hartman,Jesse Murphy,whiteamanda@example.net,(266)423-8037,"5207 Sophia Crest, Matthewside, KY 46998",2024-12-30 05:41:43+00
498,Shepard-Watson,Jeffrey Padilla,walshrobert@example.net,698.510.5997,"255 Michael Island Apt. 213, Webbside, CA 68874",2024-11-01 12:58:04+00
499,Moody Inc,Alexandra Rodriguez,jenniferscott@example.org,616-852-6067x83304,"6717 Jacob Run, East Samantha, IL 68484",2024-11-27 10:53:43+00
500,"Rodriguez, Walker and Klein",Nicole Miller,zspears@example.org,+1-487-571-8401x7724,"PSC 6421, Box 6111, APO AA 22219",2025-04-19 17:55:14+00
